{
    "backend": "fake",
    "num_qubits": 4,
    "r_dim": 5,
    "dt": 0.6283185307179587,
    "spec_norm": 4.999999999999999,
    "depth": 317,
    "two_q_gates": 59,
    "zne_enabled": true,
    "kqd_energies": [
        -2.0,
        -3.588293856022097,
        -4.4964942952415035,
        -4.719234388074806,
        -5.005278256048869
    ],
    "exact_gnd_energy": -6.744562646538027
}