{
    "backend": "noiseless",
    "num_qubits": 4,
    "r_dim": 5,
    "dt": 0.6283185307179587,
    "spec_norm": 4.999999999999999,
    "depth": 17,
    "two_q_gates": 16,
    "zne_enabled": true,
    "kqd_energies": [
        -2.0,
        -2.731487440988599,
        -3.4573835839189484,
        -7.245975017346328,
        -9.044154967505468
    ],
    "exact_gnd_energy": -6.744562646538027
}