{
    "1": {
        "trotter_steps": 1,
        "dt_circ": 0.6283185307179587,
        "depth": 17,
        "two_q_gates": 16,
        "kqd_energies": [
            -2.0,
            -2.7588301122112853,
            -3.5090588265802594,
            -7.2632377521522296,
            -9.261684256030193
        ]
    },
    "2": {
        "trotter_steps": 2,
        "dt_circ": 0.31415926535897937,
        "depth": 24,
        "two_q_gates": 28,
        "kqd_energies": [
            -2.0,
            -4.407381269593811,
            -6.220560831212268,
            -7.052547733296738,
            -7.344326442312347
        ]
    },
    "4": {
        "trotter_steps": 4,
        "dt_circ": 0.15707963267948968,
        "depth": 38,
        "two_q_gates": 52,
        "kqd_energies": [
            -2.0,
            -5.121267943057299,
            -9.232099320328368,
            -6.947214386596002,
            -6.621929213670176
        ]
    },
    "6": {
        "trotter_steps": 6,
        "dt_circ": 0.1047197551196598,
        "depth": 52,
        "two_q_gates": 76,
        "kqd_energies": [
            -2.0,
            -5.179714696587256,
            -4.932856110286018,
            -6.337760667532881,
            -7.239216887412578
        ]
    }
}