{
    "times": [
        0.0,
        0.1,
        0.2,
        0.30000000000000004,
        0.4,
        0.5,
        0.6000000000000001,
        0.7000000000000001,
        0.8,
        0.9,
        1.0,
        1.1,
        1.2000000000000002,
        1.3,
        1.4000000000000001,
        1.5,
        1.6,
        1.7000000000000002,
        1.8,
        1.9000000000000001,
        2.0
    ],
    "expectations": [
        -1.0,
        -0.8034240766931008,
        -0.33538499539949646,
        0.05449952176437594,
        0.38687150252027824,
        0.5524140896734214,
        0.4225014725157649,
        0.2840092528578469,
        0.12541120472032952,
        -0.10248203145381879,
        -0.17799210324062928,
        -0.14383978246386084,
        -0.12379985893980637,
        -0.024828755555262386,
        0.01701063350214265,
        0.03680484397088171,
        0.020712501303699095,
        -0.028090922384471636,
        -0.0011423337538925189,
        -0.01065325529699887,
        0.08044918169028144
    ]
}