{
    "times": [
        0.0,
        0.1,
        0.2,
        0.30000000000000004,
        0.4,
        0.5,
        0.6000000000000001,
        0.7000000000000001,
        0.8,
        0.9,
        1.0,
        1.1,
        1.2000000000000002,
        1.3,
        1.4000000000000001,
        1.5,
        1.6,
        1.7000000000000002,
        1.8,
        1.9000000000000001,
        2.0
    ],
    "expectations": [
        -1.0,
        -0.8409076521681792,
        -0.45251865503929906,
        0.10538057105885933,
        0.5427505334086565,
        0.8434931317712993,
        0.8442370475860437,
        0.6128083202207083,
        0.24422884639290948,
        -0.13901018416638997,
        -0.4165384261529697,
        -0.4930575666444752,
        -0.45831278281993676,
        -0.34267030936843434,
        -0.15491525113399263,
        -0.045574749187788435,
        0.011611181497520972,
        0.015614363187721702,
        0.0629331651467094,
        0.16311896526158234,
        0.30218943456318575
    ]
}