{
    "exact_ground_energy": -6.205224403090305,
    "exact_first_gap": 0.01229579,
    "metrics": {
        "Noiseless Lie": {
            "fidelity": 0.9984177662053267,
            "rmse": 0.026367515621185878,
            "max_abs_error": 0.06270923987314866
        },
        "Noiseless Suzuki-2": {
            "fidelity": 0.968172664780395,
            "rmse": 0.1332566026457707,
            "max_abs_error": 0.2564610606975589
        },
        "Noiseless Suzuki-4": {
            "fidelity": 0.9988728228434129,
            "rmse": 0.022477258930035975,
            "max_abs_error": 0.045121024633932846
        },
        "Fake Lie": {
            "fidelity": 0.9196082490200832,
            "rmse": 0.19942990255486037,
            "max_abs_error": 0.36679428259905744
        },
        "Fake Suzuki-2": {
            "fidelity": 0.9515090930919811,
            "rmse": 0.1659615103099401,
            "max_abs_error": 0.28322150519580036
        },
        "Fake Suzuki-4": {
            "fidelity": 0.7223055675455146,
            "rmse": 0.3352747492014573,
            "max_abs_error": 0.7032023076508631
        },
        "Real Lie": {
            "fidelity": 0.8888285286417231,
            "rmse": 0.2237864819021534,
            "max_abs_error": 0.44405295478395407
        },
        "Real Suzuki-2": {
            "fidelity": 0.977952428097681,
            "rmse": 0.11147773020440835,
            "max_abs_error": 0.22839381653209134
        }
    },
    "fft_peaks": {
        "noiseless_lie": [
            0.5952380952380952
        ],
        "noiseless_suzuki_2": [
            0.7142857142857142
        ],
        "noiseless_suzuki_4": [
            0.5952380952380952,
            2.261904761904762
        ],
        "fake_lie": [
            3.571428571428571
        ],
        "fake_suzuki_2": [
            0.8333333333333333,
            2.142857142857143
        ],
        "fake_suzuki_4": [
            1.0714285714285714,
            3.214285714285714
        ],
        "real_lie": [
            4.523809523809524,
            1.7857142857142856
        ],
        "real_suzuki_2": [
            0.7142857142857142,
            2.0238095238095237
        ]
    }
}