{
    "times": [
        0.0,
        0.1,
        0.2,
        0.30000000000000004,
        0.4,
        0.5,
        0.6000000000000001,
        0.7000000000000001,
        0.8,
        0.9,
        1.0,
        1.1,
        1.2000000000000002,
        1.3,
        1.4000000000000001,
        1.5,
        1.6,
        1.7000000000000002,
        1.8,
        1.9000000000000001,
        2.0
    ],
    "exact_Z0": [
        -1.0,
        -0.8736297085220748,
        -0.5315773853429322,
        -0.07294910500317908,
        0.37333427798950075,
        0.6900076227618143,
        0.8075447501914399,
        0.7218947496015111,
        0.48820867372823923,
        0.1948910657011594,
        -0.07004212514812683,
        -0.24687476484690712,
        -0.3175803992492289,
        -0.30291777341772497,
        -0.24689825659689307,
        -0.19489628296068237,
        -0.1727027318270998,
        -0.17425613615802288,
        -0.16438523331661015,
        -0.09764308131871002,
        0.05408879824024554
    ],
    "results": {
        "lie": [
            -1.0,
            -0.798615315855378,
            -0.45847377538382666,
            -0.06797893283630371,
            0.309378907079534,
            0.43457115802826835,
            0.5178302226585766,
            0.36387887234439675,
            0.12141439112918176,
            0.09114058364443914,
            -0.022564482328203503,
            -0.07251945322173146,
            -0.03624863666251315,
            -0.04771929559048331,
            -0.010355468183364342,
            -0.002536858592249641,
            0.029935327157621996,
            0.018155760540342847,
            0.014975628610151009,
            0.01349298824052244,
            -0.016504519638086038
        ],
        "suzuki_2": [
            -1.0,
            -0.653238679094801,
            -0.4938738729630704,
            -0.16175940181700274,
            0.232874773499072,
            0.4067861175660139,
            0.6518574243395768,
            0.4615830757434749,
            0.22944794704091218,
            0.15385377099625988,
            -0.027862491852839812,
            -0.10604162189424843,
            -0.19339206532180855,
            -0.2150891966624677,
            -0.07642915495029999,
            -0.002714483423454815,
            0.020200309326646508,
            0.04535365917533901,
            0.040188137376833286,
            0.05026618025323158,
            0.04854269861625401
        ],
        "suzuki_4": [
            -1.0,
            -0.1704274008712116,
            -0.33761685769196914,
            -0.047058327714478806,
            0.026043567149892206,
            0.09053569040185205,
            0.17956642082791902,
            0.17163024471544258,
            0.030136646126198298,
            0.02275854054502014,
            -0.049354381658474764,
            -0.08534683949903193,
            -0.058357226666264986,
            -0.015308284051386128,
            0.001192319970380629,
            0.01088793941366621,
            0.036478905819857466,
            0.007657517117148717,
            0.03292186426455352,
            0.020674980421461507,
            0.02072750220517712
        ]
    },
    "fft_results": {
        "lie": {
            "frequencies": [
                0.0,
                0.11904761904761904,
                0.23809523809523808,
                0.3571428571428571,
                0.47619047619047616,
                0.5952380952380952,
                0.7142857142857142,
                0.8333333333333333,
                0.9523809523809523,
                1.0714285714285714,
                1.1904761904761905,
                1.3095238095238095,
                1.4285714285714284,
                1.5476190476190474,
                1.6666666666666665,
                1.7857142857142856,
                1.9047619047619047,
                2.0238095238095237,
                2.142857142857143,
                2.261904761904762,
                2.380952380952381,
                2.5,
                2.619047619047619,
                2.738095238095238,
                2.8571428571428568,
                2.976190476190476,
                3.095238095238095,
                3.214285714285714,
                3.333333333333333,
                3.452380952380952,
                3.571428571428571,
                3.6904761904761902,
                3.8095238095238093,
                3.9285714285714284,
                4.0476190476190474,
                4.166666666666666,
                4.285714285714286,
                4.404761904761904,
                4.523809523809524,
                4.642857142857142,
                4.761904761904762,
                4.8809523809523805
            ],
            "spectrum": [
                1.2118316721894251,
                1.1994546513890498,
                1.1676073946428147,
                1.1300158709710104,
                1.1020652686854386,
                1.0907728608475538,
                1.0884114045119346,
                1.0764276208604735,
                1.0362120103086407,
                0.9580892627537759,
                0.8446133659744136,
                0.7089085066037792,
                0.5699111207719869,
                0.4460745397312811,
                0.3488653186424592,
                0.2785593021491221,
                0.2266680989938362,
                0.18438883641318796,
                0.14839298315197832,
                0.11975088230769618,
                0.09983427398834077,
                0.08807497747404516,
                0.08355637922733193,
                0.08675841159049534,
                0.09751941550223421,
                0.11297510846993175,
                0.12905236601517167,
                0.14254122538263336,
                0.15181885660623307,
                0.15666569127098612,
                0.1576741140492439,
                0.1555723090924557,
                0.15074576979652451,
                0.14310152236492363,
                0.1322204069479729,
                0.11766189889472081,
                0.09932962672116895,
                0.0778237926724391,
                0.054661044381606884,
                0.03224018869110101,
                0.013600566539430823,
                0.004003912942511164
            ],
            "peak_frequencies": [
                3.571428571428571
            ],
            "peak_values": [
                0.1576741140492439
            ]
        },