{
    "times": [
        0.0,
        0.1,
        0.2,
        0.30000000000000004,
        0.4,
        0.5,
        0.6000000000000001,
        0.7000000000000001,
        0.8,
        0.9,
        1.0,
        1.1,
        1.2000000000000002,
        1.3,
        1.4000000000000001,
        1.5,
        1.6,
        1.7000000000000002,
        1.8,
        1.9000000000000001,
        2.0
    ],
    "exact_Z0": [
        -1.0,
        -0.8736297085220748,
        -0.5315773853429322,
        -0.07294910500317908,
        0.37333427798950075,
        0.6900076227618143,
        0.8075447501914399,
        0.7218947496015111,
        0.48820867372823923,
        0.1948910657011594,
        -0.07004212514812683,
        -0.24687476484690712,
        -0.3175803992492289,
        -0.30291777341772497,
        -0.24689825659689307,
        -0.19489628296068237,
        -0.1727027318270998,
        -0.17425613615802288,
        -0.16438523331661015,
        -0.09764308131871002,
        0.05408879824024554
    ],
    "results": {
        "lie": [
            -1.0,
            -0.8788835735283183,
            -0.5378845757519777,
            -0.08394795010099801,
            0.3777640022160207,
            0.6901223185536878,
            0.7925249857998341,
            0.7070314548081195,
            0.4766903580077657,
            0.19059259460618883,
            -0.08361846046490556,
            -0.2295982187451251,
            -0.28256254795969354,
            -0.27763480778174,
            -0.2257817617651208,
            -0.18665283241998482,
            -0.18578487645632635,
            -0.1952055220176614,
            -0.2020842953822227,
            -0.1424366139095806,
            0.006956508364705053
        ],
        "suzuki_2": [
            -1.0,
            -0.8709147025561342,
            -0.539961307729368,
            -0.06739454217185539,
            0.3539201239436925,
            0.6907856689749835,
            0.8845986743902371,
            0.790428357868101,
            0.5963020880713814,
            0.3016678513804143,
            -0.052094120055707134,
            -0.32081966225594755,
            -0.4705255007450271,
            -0.5271888545713953,
            -0.49124138260556044,
            -0.2934960639451433,
            -0.14006557327590535,
            0.004806040801624436,
            0.047218978800625415,
            0.15774849303355856,
            0.287333790045663
        ],
        "suzuki_4": [
            -1.0,
            -0.8915162887025921,
            -0.5322148390985572,
            -0.08289978912078007,
            0.3620192451308152,
            0.6745711453288297,
            0.8080023510130058,
            0.7394754124903736,
            0.4961470540346647,
            0.2250656338477448,
            -0.04135592290194985,
            -0.2546731247784937,
            -0.3666609802864943,
            -0.31843768298331565,
            -0.25655606539483866,
            -0.24606716431791326,
            -0.21091667162593192,
            -0.19268140084217775,
            -0.15026895846034832,
            -0.07497380637278621,
            0.08197041081596733
        ]
    },
    "fft_results": {
        "lie": {
            "frequencies": [
                0.0,
                0.11904761904761904,
                0.23809523809523808,
                0.3571428571428571,
                0.47619047619047616,
                0.5952380952380952,
                0.7142857142857142,
                0.8333333333333333,
                0.9523809523809523,
                1.0714285714285714,
                1.1904761904761905,
                1.3095238095238095,
                1.4285714285714284,
                1.5476190476190474,
                1.6666666666666665,
                1.7857142857142856,
                1.9047619047619047,
                2.0238095238095237,
                2.142857142857143,
                2.261904761904762,
                2.380952380952381,
                2.5,
                2.619047619047619,
                2.738095238095238,
                2.8571428571428568,
                2.976190476190476,
                3.095238095238095,
                3.214285714285714,
                3.333333333333333,
                3.452380952380952,
                3.571428571428571,
                3.6904761904761902,
                3.8095238095238093,
                3.9285714285714284,
                4.0476190476190474,
                4.166666666666666,
                4.285714285714286,
                4.404761904761904,
                4.523809523809524,
                4.642857142857142,
                4.761904761904762,
                4.8809523809523805
            ],
            "spectrum": [
                1.535575314692477,
                1.6578362700839986,
                1.9437788092789543,
                2.253693394800567,
                2.490006911364275,
                2.6037493321836336,
                2.582090615408734,
                2.438432523207871,
                2.202936178939038,
                1.9121806423025116,
                1.599489229626422,
                1.2888561980871756,
                0.9945114031309092,
                0.7250745175119073,
                0.4883606586725656,
                0.29320167165283706,
                0.14791658850365186,
                0.059046452779444265,
                0.03311452302524006,
                0.03298816509010002,
                0.029533370546452133,
                0.03597958640830414,
                0.04808164723472935,
                0.054084811074752916,
                0.05091510056732561,
                0.04098673393402641,
                0.029053034680963527,
                0.020424446924344985,
                0.018709912437003474,
                0.02124327609340835,
                0.023611901688472544,
                0.02409893626674904,
                0.022694716250688557,
                0.020380472091112867,
                0.018369123674637142,
                0.017037806325388424,
                0.01586025684396492,
                0.014560354424993616,
                0.013596663466231989,
                0.01335197591723074,
                0.013473327391663511,
                0.013506285599881313
            ],
            "peak_frequencies": [
                0.5952380952380952
            ],
            "peak_values": [
                2.6037493321836336
            ]
        },