{
    "times": [
        0.0,
        0.1,
        0.2,
        0.30000000000000004,
        0.4,
        0.5,
        0.6000000000000001,
        0.7000000000000001,
        0.8,
        0.9,
        1.0,
        1.1,
        1.2000000000000002,
        1.3,
        1.4000000000000001,
        1.5,
        1.6,
        1.7000000000000002,
        1.8,
        1.9000000000000001,
        2.0
    ],
    "exact_Z0": [
        -1.0,
        -0.8736297085220748,
        -0.5315773853429322,
        -0.07294910500317908,
        0.37333427798950075,
        0.6900076227618143,
        0.8075447501914399,
        0.7218947496015111,
        0.48820867372823923,
        0.1948910657011594,
        -0.07004212514812683,
        -0.24687476484690712,
        -0.3175803992492289,
        -0.30291777341772497,
        -0.24689825659689307,
        -0.19489628296068237,
        -0.1727027318270998,
        -0.17425613615802288,
        -0.16438523331661015,
        -0.09764308131871002,
        0.05408879824024554
    ],
    "results": {
        "lie": [
            -1.0,
            -0.77394341357593,
            -0.45910481965294586,
            -0.16596935874226346,
            0.3791112340501246,
            0.31873906835378624,
            0.4448930920131599,
            0.27784179481755705,
            0.16180365403866898,
            0.24798029350538975,
            0.10711190688060028,
            0.15341887268352644,
            -0.04093872848605161,
            -0.02547102682931305,
            -0.1540680357555301,
            0.014823302499026447,
            -0.08763701472049112,
            -0.07075877484839654,
            -0.021422381376120056,
            0.013416036821408519,
            -0.00480191489405082
        ],
        "suzuki_2": [
            -1.0,
            -0.9390395315350064,
            -0.5276006218142774,
            -0.15717809481085118,
            0.4524904999842245,
            0.7153410929629258,
            0.8697898206069671,
            0.7591908731509015,
            0.5517100699870024,
            0.2415027717072569,
            -0.04542180805044348,
            -0.19450080034087944,
            -0.4808292656605202,
            -0.5313115899498163,
            -0.39379392052261225,
            -0.1770516543296624,
            -3.8306235432306814e-17,
            0.0163717198252634,
            0.03804300557282147,
            0.03414089324156542,
            0.10543916939695565
        ]
    },
    "fft_results": {
        "lie": {
            "frequencies": [
                0.0,
                0.11904761904761904,
                0.23809523809523808,
                0.3571428571428571,
                0.47619047619047616,
                0.5952380952380952,
                0.7142857142857142,
                0.8333333333333333,
                0.9523809523809523,
                1.0714285714285714,
                1.1904761904761905,
                1.3095238095238095,
                1.4285714285714284,
                1.5476190476190474,
                1.6666666666666665,
                1.7857142857142856,
                1.9047619047619047,
                2.0238095238095237,
                2.142857142857143,
                2.261904761904762,
                2.380952380952381,
                2.5,
                2.619047619047619,
                2.738095238095238,
                2.8571428571428568,
                2.976190476190476,
                3.095238095238095,
                3.214285714285714,
                3.333333333333333,
                3.452380952380952,
                3.571428571428571,
                3.6904761904761902,
                3.8095238095238093,
                3.9285714285714284,
                4.0476190476190474,
                4.166666666666666,
                4.285714285714286,
                4.404761904761904,
                4.523809523809524,
                4.642857142857142,
                4.761904761904762,
                4.8809523809523805
            ],
            "spectrum": [
                1.479087343254601,
                1.4760845373843707,
                1.4638855995126627,
                1.434027230258607,
                1.3756815535963676,
                1.2793742355826823,
                1.1404264404075268,
                0.9612409344625308,
                0.7519204710937368,
                0.5293501575728154,
                0.31665759877367267,
                0.15666890781642137,
                0.15910714703553336,
                0.25281636877199526,
                0.32571536153513897,
                0.36095686439310365,
                0.3588636194198506,
                0.3240603839224961,
                0.2639031417114727,
                0.18849354591164413,
                0.11015179452679938,
                0.041717950248485694,
                0.007338442706077042,
                0.028856420446447043,
                0.029397857856435616,
                0.03695239692959698,
                0.07229658834845491,
                0.1145030849937617,
                0.14837533464049144,
                0.16547156709333904,
                0.16380103898270706,
                0.15033494748563692,
                0.14476385449468793,
                0.17009889156490235,
                0.22396196841025653,
                0.28620906126514245,
                0.33929926915517317,
                0.3711616105006787,
                0.3749335773969362,
                0.3498403328945771,
                0.3030589571435211,
                0.2529052764475759
            ],
            "peak_frequencies": [
                4.523809523809524,
                1.7857142857142856,
                3.452380952380952
            ],
            "peak_values": [
                0.3749335773969362,
                0.36095686439310365,
                0.16547156709333904
            ]
        },
        "suzuki_2": {
            "frequencies": [
                0.0,
                0.11904761904761904,
                0.23809523809523808,
                0.3571428571428571,
                0.47619047619047616,
                0.5952380952380952,
                0.7142857142857142,
                0.8333333333333333,
                0.9523809523809523,
                1.0714285714285714,
                1.1904761904761905,
                1.3095238095238095,
                1.4285714285714284,
                1.5476190476190474,
                1.6666666666666665,
                1.7857142857142856,
                1.9047619047619047,
                2.0238095238095237,
                2.142857142857143,
                2.261904761904762,
                2.380952380952381,
                2.5,
                2.619047619047619,
                2.738095238095238,
                2.8571428571428568,
                2.976190476190476,
                3.095238095238095,
                3.214285714285714,
                3.333333333333333,
                3.452380952380952,
                3.571428571428571,
                3.6904761904761902,
                3.8095238095238093,
                3.9285714285714284,
                4.0476190476190474,
                4.166666666666666,
                4.285714285714286,
                4.404761904761904,
                4.523809523809524,
                4.642857142857142,
                4.761904761904762,
                4.8809523809523805
            ],