{
    "times": [
        0.0,
        0.1,
        0.2,
        0.30000000000000004,
        0.4,
        0.5,
        0.6000000000000001,
        0.7000000000000001,
        0.8,
        0.9,
        1.0,
        1.1,
        1.2000000000000002,
        1.3,
        1.4000000000000001,
        1.5,
        1.6,
        1.7000000000000002,
        1.8,
        1.9000000000000001,
        2.0
    ],
    "exact_Z0": [
        -1.0,
        -0.8736297085220748,
        -0.5315773853429322,
        -0.07294910500317908,
        0.37333427798950075,
        0.6900076227618143,
        0.8075447501914399,
        0.7218947496015111,
        0.48820867372823923,
        0.1948910657011594,
        -0.07004212514812683,
        -0.24687476484690712,
        -0.3175803992492289,
        -0.30291777341772497,
        -0.24689825659689307,
        -0.19489628296068237,
        -0.1727027318270998,
        -0.17425613615802288,
        -0.16438523331661015,
        -0.09764308131871002,
        0.05408879824024554
    ],
    "results": {
        "lie": [
            -1.0,
            -0.8697557964025865,
            -0.5350590963698784,
            -0.08325364887760192,
            0.3884552686495518,
            0.699727872988639,
            0.8021582455232805,
            0.7032290507489491,
            0.4698729706009471,
            0.19993651986916572,
            -0.055784334738895186,
            -0.23075806705414587,
            -0.28722905280829186,
            -0.2653867195941763,
            -0.21598788046726278,
            -0.1750438162407132,
            -0.17612521737431733,
            -0.19762048071880695,
            -0.20712456120440487,
            -0.15191602016625141,
            -0.008620441632903129
        ],
        "suzuki_2": [
            -1.0,
            -0.8812566552385435,
            -0.5460665371699891,
            -0.09236653491122028,
            0.3320759163340011,
            0.7013563228952336,
            0.8590304348563823,
            0.7904585913749429,
            0.5784156051790147,
            0.29426235477889096,
            -0.0584402608591833,
            -0.3296698413677462,
            -0.474912130708552,
            -0.5334857616888116,
            -0.49248825629145593,
            -0.28161740344588365,
            -0.1360069792702557,
            0.014342750882473415,
            0.02920851325838086,
            0.15881797937884892,
            0.28246880000709823
        ],
        "suzuki_4": [
            -1.0,
            -0.8660184105015565,
            -0.5279259889359472,
            -0.08725174841929079,
            0.37330033763416987,
            0.690731741228221,
            0.8113564426916836,
            0.7109762393453082,
            0.5016585693464315,
            0.22973399680365175,
            -0.03490334291741613,
            -0.23869315429071375,
            -0.3550713746820076,
            -0.3122558649010889,
            -0.25955805712166036,
            -0.21972660626815746,
            -0.20772255445816637,
            -0.21255425503420133,
            -0.17475459804257387,
            -0.0777203168988809,
            0.09920982287417839
        ]
    },
    "fft_results": {
        "lie": {
            "frequencies": [
                0.0,
                0.11904761904761904,
                0.23809523809523808,
                0.3571428571428571,
                0.47619047619047616,
                0.5952380952380952,
                0.7142857142857142,
                0.8333333333333333,
                0.9523809523809523,
                1.0714285714285714,
                1.1904761904761905,
                1.3095238095238095,
                1.4285714285714284,
                1.5476190476190474,
                1.6666666666666665,
                1.7857142857142856,
                1.9047619047619047,
                2.0238095238095237,
                2.142857142857143,
                2.261904761904762,
                2.380952380952381,
                2.5,
                2.619047619047619,
                2.738095238095238,
                2.8571428571428568,
                2.976190476190476,
                3.095238095238095,
                3.214285714285714,
                3.333333333333333,
                3.452380952380952,
                3.571428571428571,
                3.6904761904761902,
                3.8095238095238093,
                3.9285714285714284,
                4.0476190476190474,
                4.166666666666666,
                4.285714285714286,
                4.404761904761904,
                4.523809523809524,
                4.642857142857142,
                4.761904761904762,
                4.8809523809523805
            ],
            "spectrum": [
                1.5621999608985886,
                1.6804561242070877,
                1.9579885895501306,
                2.259302071267639,
                2.4882384483132465,
                2.596358672577929,
                2.5712816677624857,
                2.4266318123857396,
                2.1921853508743006,
                1.903278537312303,
                1.5913118743818624,
                1.2784086409805828,
                0.9779491337736647,
                0.699266963255579,
                0.45222332909186697,
                0.24856772044606468,
                0.10253637845130724,
                0.054374216534782076,
                0.08050132925349657,
                0.08631589635189876,
                0.07174572143465074,
                0.050882305315362586,
                0.03487681398453122,
                0.02525255948936896,
                0.016255051403759588,
                0.006733308991500816,
                0.009822440805837258,
                0.017628547484976255,
                0.021446378954442867,
                0.021092389053442125,
                0.01815006265705592,
                0.014478253738147774,
                0.011299911619182425,
                0.009045926193248021,
                0.007569695854756618,
                0.006243230163405195,
                0.004452562896178761,
                0.0025390555868318727,
                0.0027163223297889025,
                0.004043561463804135,
                0.004207928567413415,
                0.002884770316074907
            ],
            "peak_frequencies": [
                0.5952380952380952
            ],
            "peak_values": [
                2.596358672577929
            ]
        },