{
    "eigenvalues": [
        -6.205224403090305,
        -4.6770329614269,
        -2.5229670385730985,
        -1.9999999999999991,
        -0.9999999999999997,
        -0.9999999999999997,
        -0.012295786263568167,
        -5.968142828190535e-16,
        -5.97881957742147e-17,
        2.437382913163053e-16,
        0.9999999999999992,
        1.0000000000000002,
        2.522967038573099,
        3.783783257261269,
        4.433736932092607,
        4.677032961426905
    ],
    "energy_diffs": [
        0.0,
        0.01229579,
        0.24329603,
        0.52296704,
        0.64995367,
        0.8932497,
        0.98770421,
        1.0,
        1.01229579,
        1.26081622,
        1.52296704,
        1.52819144,
        1.91076989,
        1.98770421,
        2.0,
        2.15406592,
        2.51067125,
        2.52296704,
        2.53526282,
        2.67703296,
        2.78378326,
        3.0,
        3.43373693,
        3.52296704,
        3.67703296,
        3.68225736,
        3.78378326,
        3.79607904,
        4.2052244,
        4.43373693,
        4.44603272,
        4.52296704,
        4.66473718,
        4.67703296,
        4.68932875,
        4.78378326,
        5.04593408,
        5.2052244,
        5.43373693,
        5.67703296,
        5.78378326,
        6.19292862,
        6.2052244,
        6.3067503,
        6.43373693,
        6.67703296,
        6.95670397,
        7.2,
        7.2052244,
        8.46081622,
        8.72819144,
        9.11076989,
        9.35406592,
        9.98900766,
        10.63896134,
        10.88225736
    ],
    "frequencies_hz": [
        0.0,
        0.001956935757719896,
        0.038721765809134064,
        0.08323278949013696,
        0.10344333936121854,
        0.14216510517035258,
        0.15719800733417544,
        0.15915494309189535,
        0.16111187884961525,
        0.20066513374343858,
        0.24238773258203228,
        0.2432192216667216,
        0.30410847310465716,
        0.31635295042607076,
        0.3183098861837907,
        0.34283023891379116,
        0.39958573991620777,
        0.40154267567392765,
        0.4034996098400981,
        0.4260630284039281,
        0.44305286632547086,
        0.477464829275686,
        0.5464962056866894,
        0.560697618765823,
        0.5852179714958234,
        0.5860494605805128,
        0.6022078094173662,
        0.6041647435835367,
        0.6692822500706497,
        0.7056511487785848,
        0.7076080845363046,
        0.7198525618577184,
        0.7424159804215484,
        0.7443729145877188,
        0.7463298503454386,
        0.7613627525092616,
        0.8030853513478553,
        0.828437193162545,
        0.8648060918704802,
        0.9035278576796142,
        0.9205176956011569,
        0.9856352020882699,
        0.9875921362544403,
        1.003750485091294,
        1.0239610349623756,
        1.0626828007715095,
        1.1071938244525124,
        1.1459155902616465,
        1.1467470793463357,
        1.346580724005085,
        1.389134811928368,
        1.4500240633663035,
        1.4887458291754376,
        1.5897999456718068,
        1.6932432866245746,
        1.7319650508421593
    ],
    "ground_state_energy": -6.205224403090305,
    "overlaps": [
        0.2965365464568669,
        1.925929944387236e-34,
        2.7733391199176196e-32,
        0.4999999999999999,
        2.0861900762751105e-32,
        2.233812213404451e-32,
        0.0030775032110065175,
        8.150189272008174e-33,
        3.77644461221438e-34,
        1.9352880300989454e-32,
        3.0814879110195774e-33,
        3.0814879110195774e-33,
        7.703719777548943e-34,
        0.07438212249294364,
        0.12600382783918324,
        3.0814879110195774e-33
    ],
    "times": [
        0.0,
        0.1,
        0.2,
        0.30000000000000004,
        0.4,
        0.5,
        0.6000000000000001,
        0.7000000000000001,
        0.8,
        0.9,
        1.0,
        1.1,
        1.2000000000000002,
        1.3,
        1.4000000000000001,
        1.5,
        1.6,
        1.7000000000000002,
        1.8,
        1.9000000000000001,
        2.0
    ],
    "exact_Z0": [
        -1.0,
        -0.8736297085220748,
        -0.5315773853429322,
        -0.07294910500317908,
        0.37333427798950075,
        0.6900076227618143,
        0.8075447501914399,
        0.7218947496015111,
        0.48820867372823923,
        0.1948910657011594,
        -0.07004212514812683,
        -0.24687476484690712,
        -0.3175803992492289,
        -0.30291777341772497,
        -0.24689825659689307,
        -0.19489628296068237,
        -0.1727027318270998,
        -0.17425613615802288,
        -0.16438523331661015,
        -0.09764308131871002,
        0.05408879824024554
    ]
}