{
    "times": [
        0.0,
        0.1,
        0.2,
        0.30000000000000004,
        0.4,
        0.5,
        0.6000000000000001,
        0.7000000000000001,
        0.8,
        0.9,
        1.0,
        1.1,
        1.2000000000000002,
        1.3,
        1.4000000000000001,
        1.5,
        1.6,
        1.7000000000000002,
        1.8,
        1.9000000000000001,
        2.0
    ],
    "results": {
        "lie": [
            -1.0,
            -0.824632969283449,
            -0.4781779210696805,
            -0.07620673655932259,
            0.28758302846781786,
            0.5675783110770265,
            0.4437862749094226,
            0.4460166008669279,
            0.3101748677366815,
            0.10280051482518078,
            -0.05000967671139361,
            -0.10650580374478728,
            -0.13182005315810905,
            -0.07378906683473663,
            -0.0447648236721153,
            -0.004695984929413849,
            -0.006551662100522351,
            0.007081097433375532,
            -0.002337842415780724,
            -0.005520697061590167,
            -0.017563691639267333
        ],
        "suzuki_2": [
            -1.0,
            -0.7668734460254579,
            -0.4165708302676252,
            -0.09129976880486153,
            0.06700645931432911,
            0.29997632382213385,
            0.1790560694842766,
            0.13217301812359278,
            0.17869455966306574,
            0.06295895515518457,
            -0.05700846521865875,
            -0.046717113044274346,
            -0.08300993239844452,
            -0.06524383931393982,
            -0.013440012480576101,
            0.04124937866976327,
            0.025596814408951507,
            0.012266224731330393,
            0.005079154394488162,
            0.01039962721700434,
            0.0067173543652997575
        ],
        "suzuki_4": [
            -1.0,
            -0.44132993037092505,
            -0.310401648566201,
            -0.102361142405954,
            -0.05054572458951924,
            0.022354039345393248,
            -0.020227301133094882,
            -0.0413202528380409,
            -0.015068339008360269,
            0.008908799633568148,
            0.03809858451338731,
            -0.03918382390481686,
            0.035186714688938595,
            -0.024196601848215135,
            -0.03514594277959231,
            0.008281471623118755,
            0.010463290694122522,
            -0.025739915190629174,
            0.0660947657034229,
            -0.04003911980310878,
            -0.04135863387452924
        ]
    },
    "fft_results": {
        "lie": {
            "frequencies": [
                0.0,
                0.11904761904761904,
                0.23809523809523808,
                0.3571428571428571,
                0.47619047619047616,
                0.5952380952380952,
                0.7142857142857142,
                0.8333333333333333,
                0.9523809523809523,
                1.0714285714285714,
                1.1904761904761905,
                1.3095238095238095,
                1.4285714285714284,
                1.5476190476190474,
                1.6666666666666665,
                1.7857142857142856,
                1.9047619047619047,
                2.0238095238095237,
                2.142857142857143,
                2.261904761904762,
                2.380952380952381,
                2.5,
                2.619047619047619,
                2.738095238095238,
                2.8571428571428568,
                2.976190476190476,
                3.095238095238095,
                3.214285714285714,
                3.333333333333333,
                3.452380952380952,
                3.571428571428571,
                3.6904761904761902,
                3.8095238095238093,
                3.9285714285714284,
                4.0476190476190474,
                4.166666666666666,
                4.285714285714286,
                4.404761904761904,
                4.523809523809524,
                4.642857142857142,
                4.761904761904762,
                4.8809523809523805
            ],
            "spectrum": [
                1.2755801252110968,
                1.2812020587551491,
                1.2988400362125574,
                1.3289170092231823,
                1.3674360655552689,
                1.4034050877958428,
                1.4203656492645007,
                1.4013183326616714,
                1.3342672286255666,
                1.216008512932421,
                1.0531232471147614,
                0.8602365502372394,
                0.6563401747459289,
                0.46040137848441787,
                0.2875546520636655,
                0.14686688478952353,
                0.04109079999808448,
                0.032484575738641934,
                0.07857047718821027,
                0.10408384379051282,
                0.11564587619260851,
                0.11944764374137427,
                0.12042258641800671,
                0.12128448712887945,
                0.12235975009712716,
                0.12272392950681457,
                0.12162780025475473,
                0.11911666070328514,
                0.11581031471399252,
                0.1123483738186232,
                0.1089065499543645,
                0.10496652727290344,
                0.0994150225967603,
                0.09100183222906827,
                0.07912014175881799,
                0.0649308061222744,
                0.0531224671115176,
                0.05225285820576191,
                0.0648266281715829,
                0.08304803203575997,
                0.099786146639004,
                0.11111360389950128
            ],
            "peak_frequencies": [
                0.7142857142857142,
                2.976190476190476
            ],
            "peak_values": [
                1.4203656492645007,
                0.12272392950681457
            ]
        },
        "suzuki_2": {
            "frequencies": [
                0.0,
                0.11904761904761904,
                0.23809523809523808,
                0.3571428571428571,
                0.47619047619047616,
                0.5952380952380952,
                0.7142857142857142,
                0.8333333333333333,
                0.9523809523809523,
                1.0714285714285714,
                1.1904761904761905,
                1.3095238095238095,
                1.4285714285714284,
                1.5476190476190474,
                1.6666666666666665,
                1.7857142857142856,
                1.9047619047619047,
                2.0238095238095237,
                2.142857142857143,
                2.261904761904762,
                2.380952380952381,
                2.5,
                2.619047619047619,
                2.738095238095238,
                2.8571428571428568,
                2.976190476190476,
                3.095238095238095,
                3.214285714285714,
                3.333333333333333,
                3.452380952380952,
                3.571428571428571,
                3.6904761904761902,
                3.8095238095238093,
                3.9285714285714284,
                4.0476190476190474,
                4.166666666666666,
                4.285714285714286,
                4.404761904761904,
                4.523809523809524,
                4.642857142857142,
                4.761904761904762,
                4.8809523809523805
            ],