{
    "times": [
        0.0,
        0.1,
        0.2,
        0.30000000000000004,
        0.4,
        0.5,
        0.6000000000000001,
        0.7000000000000001,
        0.8,
        0.9,
        1.0,
        1.1,
        1.2000000000000002,
        1.3,
        1.4000000000000001,
        1.5,
        1.6,
        1.7000000000000002,
        1.8,
        1.9000000000000001,
        2.0
    ],
    "results": {
        "lie": [
            -1.0,
            -0.9156359595743496,
            -0.43359595933822864,
            -0.04182081861698911,
            0.3538528487835535,
            0.5160607811863414,
            0.4756610583475995,
            0.48278201969318113,
            0.42061499820814185,
            0.31000344158593157,
            -0.1487470041296464,
            -0.23868809586898015,
            -0.14242277497408656,
            -0.20167896602169924,
            -0.08668684247307938,
            0.04761286929790631,
            0.05239494787367857,
            0.14969985106765307,
            0.047278755968013446,
            0.15261068150507964,
            0.14969985106765307
        ],
        "suzuki_2": [
            -1.0,
            -0.6544774889916727,
            -0.4028632027130414,
            -0.2500782116492514,
            0.13543664791762036,
            0.332235844384795,
            0.524374744364222,
            -0.011759469429973026,
            -0.0026713366897619293,
            0.04805162508454494,
            -0.09041447257655762,
            -0.05096088454315066,
            -0.039248100595732964,
            -0.02075423120507345,
            -0.03142616830423826,
            -0.025891417146923317,
            -0.03142616830423826,
            -0.023106628274882357,
            -0.015617045263223588,
            0.02445300508320536,
            0.001621995783444555
        ]
    },
    "fft_results": {
        "lie": {
            "frequencies": [
                0.0,
                0.11904761904761904,
                0.23809523809523808,
                0.3571428571428571,
                0.47619047619047616,
                0.5952380952380952,
                0.7142857142857142,
                0.8333333333333333,
                0.9523809523809523,
                1.0714285714285714,
                1.1904761904761905,
                1.3095238095238095,
                1.4285714285714284,
                1.5476190476190474,
                1.6666666666666665,
                1.7857142857142856,
                1.9047619047619047,
                2.0238095238095237,
                2.142857142857143,
                2.261904761904762,
                2.380952380952381,
                2.5,
                2.619047619047619,
                2.738095238095238,
                2.8571428571428568,
                2.976190476190476,
                3.095238095238095,
                3.214285714285714,
                3.333333333333333,
                3.452380952380952,
                3.571428571428571,
                3.6904761904761902,
                3.8095238095238093,
                3.9285714285714284,
                4.0476190476190474,
                4.166666666666666,
                4.285714285714286,
                4.404761904761904,
                4.523809523809524,
                4.642857142857142,
                4.761904761904762,
                4.8809523809523805
            ],
            "spectrum": [
                1.0633547844691846,
                1.0978136973967074,
                1.1972522149280662,
                1.34754628113964,
                1.5221699320327,
                1.6854397136867756,
                1.8000475753090428,
                1.835552061758914,
                1.7754174753881276,
                1.6209049413568086,
                1.3908055915926643,
                1.1171031927700859,
                0.8379253491677296,
                0.5901539656816782,
                0.4042100390409814,
                0.2998134833278498,
                0.27275139038336765,
                0.29091205708130696,
                0.32540612063105695,
                0.36114906147694836,
                0.3887542853801298,
                0.40209130865462883,
                0.3991168848956119,
                0.3819496984484703,
                0.3557105560544967,
                0.32673465915709454,
                0.3006630769237911,
                0.2808118631937194,
                0.26747261553076984,
                0.2587197209313567,
                0.2521266423558817,
                0.24585409479053932,
                0.23836609990539784,
                0.22761566208148107,
                0.21115554086128724,
                0.1876227762465408,
                0.15865577489022661,
                0.1299780401442134,
                0.11019793714025729,
                0.10466715227235476,
                0.10901434636807038,
                0.11483279977974808
            ],
            "peak_frequencies": [
                0.8333333333333333,
                2.5
            ],
            "peak_values": [
                1.835552061758914,
                0.40209130865462883
            ]
        },
        "suzuki_2": {
            "frequencies": [
                0.0,
                0.11904761904761904,
                0.23809523809523808,
                0.3571428571428571,
                0.47619047619047616,
                0.5952380952380952,
                0.7142857142857142,
                0.8333333333333333,
                0.9523809523809523,
                1.0714285714285714,
                1.1904761904761905,
                1.3095238095238095,
                1.4285714285714284,
                1.5476190476190474,
                1.6666666666666665,
                1.7857142857142856,
                1.9047619047619047,
                2.0238095238095237,
                2.142857142857143,
                2.261904761904762,
                2.380952380952381,
                2.5,
                2.619047619047619,
                2.738095238095238,
                2.8571428571428568,
                2.976190476190476,
                3.095238095238095,
                3.214285714285714,
                3.333333333333333,
                3.452380952380952,
                3.571428571428571,
                3.6904761904761902,
                3.8095238095238093,
                3.9285714285714284,
                4.0476190476190474,
                4.166666666666666,
                4.285714285714286,
                4.404761904761904,
                4.523809523809524,
                4.642857142857142,
                4.761904761904762,
                4.8809523809523805
            ],