{
    "times": [
        0.0,
        0.1,
        0.2,
        0.30000000000000004,
        0.4,
        0.5,
        0.6000000000000001,
        0.7000000000000001,
        0.8,
        0.9,
        1.0,
        1.1,
        1.2000000000000002,
        1.3,
        1.4000000000000001,
        1.5,
        1.6,
        1.7000000000000002,
        1.8,
        1.9000000000000001,
        2.0
    ],
    "results": {
        "lie": [
            -1.0,
            -0.8797821223025419,
            -0.5258054798578221,
            -0.05482523957830402,
            0.3903562177158525,
            0.666469977613765,
            0.7774653930646716,
            0.717812967995066,
            0.46291575040916466,
            0.18616140176977397,
            -0.0664649242098428,
            -0.21603904527887396,
            -0.2557933287732683,
            -0.17004105602709566,
            -0.13039474426255396,
            -0.10358744246982984,
            -0.11252849504934369,
            -0.18741586989695092,
            -0.2697155962738342,
            -0.2595289039182929,
            -0.19245128871354814
        ],
        "suzuki_2": [
            -1.0,
            -0.8663649807647853,
            -0.5486940118161787,
            -0.0741546651361414,
            0.34942784396399823,
            0.6843139591462055,
            0.8375689873662311,
            0.7362259130364485,
            0.5342198313676533,
            0.21314005859044852,
            -0.06006269004623082,
            -0.27688461441592216,
            -0.37089656323014514,
            -0.36645829909390076,
            -0.3038970805043145,
            -0.21284618575330852,
            -0.17007489555878072,
            -0.11722220187270369,
            -0.09979103248340443,
            -0.02690283715149494,
            0.10597426752110792
        ],
        "suzuki_4": [
            -1.0,
            -0.8788515297294522,
            -0.5436542093214901,
            -0.06742374793991295,
            0.36600997377817746,
            0.6905122850358836,
            0.7969232988818475,
            0.7116391543339318,
            0.505730793270062,
            0.19422610655806402,
            -0.06484754092997973,
            -0.2505969278052917,
            -0.3195983287630955,
            -0.30612722612661225,
            -0.25734582015693436,
            -0.1943859704856314,
            -0.18965240215051482,
            -0.166889877576701,
            -0.16623995746412715,
            -0.09195154909372757,
            0.05865679081912386
        ]
    },
    "fft_results": {
        "lie": {
            "frequencies": [
                0.0,
                0.11904761904761904,
                0.23809523809523808,
                0.3571428571428571,
                0.47619047619047616,
                0.5952380952380952,
                0.7142857142857142,
                0.8333333333333333,
                0.9523809523809523,
                1.0714285714285714,
                1.1904761904761905,
                1.3095238095238095,
                1.4285714285714284,
                1.5476190476190474,
                1.6666666666666665,
                1.7857142857142856,
                1.9047619047619047,
                2.0238095238095237,
                2.142857142857143,
                2.261904761904762,
                2.380952380952381,
                2.5,
                2.619047619047619,
                2.738095238095238,
                2.8571428571428568,
                2.976190476190476,
                3.095238095238095,
                3.214285714285714,
                3.333333333333333,
                3.452380952380952,
                3.571428571428571,
                3.6904761904761902,
                3.8095238095238093,
                3.9285714285714284,
                4.0476190476190474,
                4.166666666666666,
                4.285714285714286,
                4.404761904761904,
                4.523809523809524,
                4.642857142857142,
                4.761904761904762,
                4.8809523809523805
            ],
            "spectrum": [
                1.7562444769828498,
                1.825824145471384,
                1.9949907058565002,
                2.1831821396333964,
                2.3229148464725675,
                2.378598891564039,
                2.3439742580265888,
                2.2325678914522875,
                2.0655615593510994,
                1.8607230636762149,
                1.6272681896993855,
                1.36892666767772,
                1.0916092364058974,
                0.8089845997125962,
                0.542020440285628,
                0.31335479601505184,
                0.14005460703370226,
                0.02829935867469167,
                0.028054086499989393,
                0.04454694725905422,
                0.04036142890858356,
                0.030103341084690826,
                0.017445880937616086,
                0.004373162696655504,
                0.024992862728245885,
                0.04802829547543666,
                0.06492066563667437,
                0.07155898835379851,
                0.06745098734482392,
                0.05527079072102739,
                0.03930127946205044,
                0.02362021139520066,
                0.010932897385952392,
                0.004831093638646203,
                0.010191388548477082,
                0.017393191441619594,
                0.024664347454835103,
                0.03150867615983933,
                0.03725656356120522,
                0.04136398410253805,
                0.043718113327996216,
                0.044710803514153935
            ],
            "peak_frequencies": [
                0.5952380952380952
            ],
            "peak_values": [
                2.378598891564039
            ]
        },
        "suzuki_2": {
            "frequencies": [
                0.0,
                0.11904761904761904,
                0.23809523809523808,
                0.3571428571428571,
                0.47619047619047616,
                0.5952380952380952,
                0.7142857142857142,
                0.8333333333333333,
                0.9523809523809523,
                1.0714285714285714,
                1.1904761904761905,
                1.3095238095238095,
                1.4285714285714284,
                1.5476190476190474,
                1.6666666666666665,
                1.7857142857142856,
                1.9047619047619047,
                2.0238095238095237,
                2.142857142857143,
                2.261904761904762,
                2.380952380952381,
                2.5,
                2.619047619047619,
                2.738095238095238,
                2.8571428571428568,
                2.976190476190476,
                3.095238095238095,
                3.214285714285714,
                3.333333333333333,
                3.452380952380952,
                3.571428571428571,
                3.6904761904761902,
                3.8095238095238093,
                3.9285714285714284,
                4.0476190476190474,
                4.166666666666666,
                4.285714285714286,
                4.404761904761904,
                4.523809523809524,
                4.642857142857142,
                4.761904761904762,
                4.8809523809523805
            ],